{
  "project_info": {
    "project_number": "1047316203548",
    "firebase_url": "https://findword-762ab.firebaseio.com",
    "project_id": "findword-762ab",
    "storage_bucket": "findword-762ab.appspot.com"
  },
  "client": [
    {
      "client_info": {
        "mobilesdk_app_id": "1:1047316203548:android:1b4f073d153d0c21",
        "android_client_info": {
          "package_name": "com.example.findword"
        }
      },
      "oauth_client": [
        {
          "client_id": "1047316203548-vu1lu8oecgfmmpgedlm665kmklg7plr5.apps.googleusercontent.com",
          "client_type": 1,
          "android_info": {
            "package_name": "com.example.findword",
            "certificate_hash": "e9aad08d0b7996204a55bba8547eef15008d1f8d"
          }
        },
        {
          "client_id": "1047316203548-8e5vvedl1qnunrku17rgvigkuftvjsgn.apps.googleusercontent.com",
          "client_type": 3
        }
      ],
      "api_key": [
        {
          "current_key": "AIzaSyDAdQMj3OfxmFpK8eG8GNAKBMzfldNknWQ"
        }
      ],
      "services": {
        "appinvite_service": {
          "other_platform_oauth_client": [
            {
              "client_id": "1047316203548-8e5vvedl1qnunrku17rgvigkuftvjsgn.apps.googleusercontent.com",
              "client_type": 3
            }
          ]
        }
      }
    }
  ],
  "configuration_version": "1"
}